id	altmetric_id	authors	journal	type	doi	altmetric_score	date	pubyear	pubmonth	males	females	unknown	propmales	propfemales	propunknown	numauthors	firstgender	firstgenderprob	lastgender	lastgenderprob
387	3061952	['Yu-yu Ren', 'Lauren G Koch', 'Steven L Britton', 'Nathan R Qi', 'Mary K Treutelaar', 'Charles F Burant', 'Jun Z Li']	bioRxiv	article	10.1101/013706	1.5	2015-01-13T00:00:00+00:00	2015	1	5	1	1	0.714285714285714	0.142857142857143	0.142857142857143	7	male	0.95	male	0.9
2021	3096387	['Maria Botcharova', 'Luc Berthouze', 'Matthew J Brookes', 'Gareth R Barnes', 'Simon F Farmer']	bioRxiv	article	10.1101/014159	1.75	2015-01-22T00:00:00+00:00	2015	1	4	1	0	0.8	0.2	0	5	female	0.98	male	0.98
3361	4623150	['Marie Tolkiehn', 'Simon Schultz']	bioRxiv	article	10.1101/029108	0.75	2015-10-14T00:00:00+00:00	2015	10	1	1	0	0.5	0.5	0	2	female	0.98	male	0.98
3486	27703499	['Sudhir Varma']	bioRxiv	article	10.1101/202952	3.5	2017-10-20T00:00:00+00:00	2017	10	1	0	0	1	0	0	1	male	1	male	1
3535	10223175	['Arjun S Adhikari', 'Kristina B Kooiker', 'Chao Liu', 'Saswata S Sarkar', 'Daniel Bernstein', 'James A Spudich', 'Kathleen M Ruppel']	bioRxiv	article	10.1101/067066	2	2016-08-02T00:00:00+00:00	2016	8	4	2	1	0.571428571428571	0.285714285714286	0.142857142857143	7	male	0.99	female	0.98
5493	19773169	['William Conway', 'Won-Ki Cho', 'Namrata Jayanth', 'Susan Mullen', 'Ibrahim I Cissé']	bioRxiv	article	10.1101/133082	10.05	2017-05-01T00:00:00+00:00	2017	5	2	2	1	0.4	0.4	0.2	5	male	0.99	male	0.97
6364	31774800	['Matt Bawn', 'Justin Bradley', 'Fraser MacMillan']	bioRxiv	article	10.1101/248054	0.75	2018-01-16T00:00:00+00:00	2018	1	3	0	0	1	0	0	3	male	0.99	male	0.97
9715	42423198	['Eloise Bertiaux', 'Adeline Mallet', 'Cecile Fort', 'Thierry Blisnick', 'Serge Bonnefoy', 'Jamin Jung', 'Moara Lemos', 'Sergio Marco', 'Sue Vaughan', 'Sylvain Trepout', 'Jean-Yves Tinevez', 'Philippe Bastin']	bioRxiv	article	10.1101/329300	8.55	2018-05-23T00:00:00+00:00	2018	5	7	5	0	0.583333333333333	0.416666666666667	0	12	female	0.97	male	0.99
10051	10914020	['Iain Johnston', 'Nick Jones']	bioRxiv	article	10.1101/072363	14.442	2016-08-30T00:00:00+00:00	2016	8	2	0	0	1	0	0	2	male	0.99	male	0.98
10108	18252210	['Patricia Brasil', 'Mariano Gustavo Zalis', 'Anielle de Pina-Costa', 'Andre Machado Siqueira', 'Cesare Bianco Junior', 'Sidnei Silva', 'Andre Luiz Lisboa Areas', 'Marcelo Pelajo-Machado', 'Denise A M de Alvarenga', 'Ana Carolina Faria da Silva Santelli', 'Hermano Gomes Albuquerque', 'Pedro Cravo', 'Flipe V S de Abreu', 'Cassio Leonel Peterka', 'Graziela Maria Zanini', 'Martha C Suarez-Mutis', 'Alcides Pissinatti', 'Ricardo Lourenco-de-Oliveira', 'Cristiana F A de Brito', 'Maria de Fatima Ferreira-da-Cruz', 'Richard Culleton', 'Claudio Tadeu Daniel-Ribeiro']	bioRxiv	article	10.1101/122127	48.3	2017-03-29T00:00:00+00:00	2017	3	13	5	3	0.619047619047619	0.238095238095238	0.142857142857143	21	female	0.98		
10749	33660746	['Kate Quigley', 'Marie Strader', 'Mikhail Matz']	bioRxiv	article	10.1101/271155	9.65	2018-02-25T00:00:00+00:00	2018	2	1	2	0	0.333333333333333	0.666666666666667	0	3	female	0.98	male	0.99
13422	37909464	['Sam Guoping Gu', 'Julie Zhouli Ni', 'Natallia Kalinava', 'Sofia Galindo Mendoza']	bioRxiv	article	10.1101/303230	9.434	2018-04-17T00:00:00+00:00	2018	4	0	3	1	0	0.75	0.25	4			female	0.98
15666	27324198	['Dipika Singh', 'Max S. Fairlamb', 'Kelly S. Harrison', 'Chamitha Weeramange', 'Sarah Meinhardt', 'Sudheer Tungtur', 'Benjamin F. Rau', 'P. Scott Hefty', 'Aron W. Fenton', 'Liskin Swint-Kruse']	bioRxiv	article	10.1101/201277	0.75	2017-10-11T00:00:00+00:00	2017	10	6	2	2	0.6	0.2	0.2	10				
15702	31760130	['Christopher Madan', 'Elizabeth A. Kensinger']	bioRxiv	article	10.1101/248518	27.5	2018-01-16T00:00:00+00:00	2018	1	1	1	0	0.5	0.5	0	2	male	0.99	female	0.99
16094	4990153	['Danny Park', 'Itamar Eskin', 'Eun Yong Kang', 'Eric R Gamazon', 'Celeste Eng', 'Christopher R Gignoux', 'Joshua M Galanter', 'Esteban Burchard', 'Chun J Ye', 'Hugues Aschard', 'Eleazar Eskin', 'Eran Halperin', 'Noah Zaitlen']	bioRxiv	article	10.1101/036640	14.748	2016-01-13T00:00:00+00:00	2016	1	1	0	12	0.0769230769230769	0	0.923076923076923	13	male	0.95		
16616	16906334	['Hamid Safizadeh', 'Scott William Simpkins', 'Justin Nelson', 'Chad L Myers']	bioRxiv	article	10.1101/112698	2.5	2017-03-01T00:00:00+00:00	2017	3	4	0	0	1	0	0	4	male	0.98	male	0.99
17795	31901042	['Larissa Calancie', 'Thomas C Keyserling', 'Lindsey Smith-Taillie', 'Kimberly Robasky', 'Cam Patterson', 'Alice S Ammerman', 'Jonathan C Schisler']	bioRxiv	article	10.1101/249763	2.75	2018-01-18T00:00:00+00:00	2018	1	3	4	0	0.428571428571429	0.571428571428571	0	7	female	0.98	male	0.99
18654	43632475	['Lara S Hwa', 'Melanie M Pina', 'Sofia Neira', 'Dipanwita Pati', 'Rachel Calloway', 'Thomas L Kash']	bioRxiv	article	10.1101/345157	12.6	2018-06-12T00:00:00+00:00	2018	6	1	5	0	0.166666666666667	0.833333333333333	0	6	female	0.98	male	0.99
18762	35017343	"[""""Keiron O'Shea"""", 'Divya Kattupalli', 'Luis AJ Mur', 'Nigel W Hardy', 'Biswapriya B Misra', 'Chuan Lu']"	bioRxiv	article	10.1101/291799	4.6	2018-03-30T00:00:00+00:00	2018	3	4	0	1	0.8	0	0.2	5	male	0.99	male	0.86
18782	33444103	['John Littrell', 'Shirng-Wern Tsaih', 'Amelie Baud', 'Pasi M.A. Rastas', 'Leah Solberg-Woods', 'Michael Flister']	bioRxiv	article	10.1101/268227	2.5	2018-02-20T00:00:00+00:00	2018	2	2	2	2	0.333333333333333	0.333333333333333	0.333333333333333	6	male	0.99		
387	3061952	['Yu-yu Ren', 'Lauren G Koch', 'Steven L Britton', 'Nathan R Qi', 'Mary K Treutelaar', 'Charles F Burant', 'Jun Z Li']	bioRxiv	article	10.1101/013706	1.5	2015-01-13T00:00:00+00:00	2015	1	3	2	2	0.428571428571429	0.285714285714286	0.285714285714286	7	male	0.95			firstlast
2021	3096387	['Maria Botcharova', 'Luc Berthouze', 'Matthew J Brookes', 'Gareth R Barnes', 'Simon F Farmer']	bioRxiv	article	10.1101/014159	1.75	2015-01-22T00:00:00+00:00	2015	1	4	1	0	0.8	0.2	0	5	female	0.98	male	0.98	firstlast
3361	4623150	['Marie Tolkiehn', 'Simon Schultz']	bioRxiv	article	10.1101/029108	0.75	2015-10-14T00:00:00+00:00	2015	10	1	1	0	0.5	0.5	0	2	female	0.98	male	0.98	firstlast
3486	27703499	['Sudhir Varma']	bioRxiv	article	10.1101/202952	3.5	2017-10-20T00:00:00+00:00	2017	10	1	0	0	1	0	0	1	male	1	male	1	firstlast
3535	10223175	['Arjun S Adhikari', 'Kristina B Kooiker', 'Chao Liu', 'Saswata S Sarkar', 'Daniel Bernstein', 'James A Spudich', 'Kathleen M Ruppel']	bioRxiv	article	10.1101/067066	2	2016-08-02T00:00:00+00:00	2016	8	5	2	0	0.714285714285714	0.285714285714286	0	7	male	0.99	female	0.98	firstlast
5493	19773169	['William Conway', 'Won-Ki Cho', 'Namrata Jayanth', 'Susan Mullen', 'Ibrahim I Cissé']	bioRxiv	article	10.1101/133082	10.05	2017-05-01T00:00:00+00:00	2017	5	3	2	0	0.6	0.4	0	5	male	0.99	male	0.97	firstlast
6364	31774800	['Matt Bawn', 'Justin Bradley', 'Fraser MacMillan']	bioRxiv	article	10.1101/248054	0.75	2018-01-16T00:00:00+00:00	2018	1	3	0	0	1	0	0	3	male	0.99	male	0.97	firstlast
9715	42423198	['Eloise Bertiaux', 'Adeline Mallet', 'Cecile Fort', 'Thierry Blisnick', 'Serge Bonnefoy', 'Jamin Jung', 'Moara Lemos', 'Sergio Marco', 'Sue Vaughan', 'Sylvain Trepout', 'Jean-Yves Tinevez', 'Philippe Bastin']	bioRxiv	article	10.1101/329300	8.55	2018-05-23T00:00:00+00:00	2018	5	7	5	0	0.583333333333333	0.416666666666667	0	12	female	0.97	male	0.99	firstlast
10051	10914020	['Iain Johnston', 'Nick Jones']	bioRxiv	article	10.1101/072363	14.442	2016-08-30T00:00:00+00:00	2016	8	2	0	0	1	0	0	2	male	0.99	male	0.98	firstlast
10108	18252210	['Patricia Brasil', 'Mariano Gustavo Zalis', 'Anielle de Pina-Costa', 'Andre Machado Siqueira', 'Cesare Bianco Junior', 'Sidnei Silva', 'Andre Luiz Lisboa Areas', 'Marcelo Pelajo-Machado', 'Denise A M de Alvarenga', 'Ana Carolina Faria da Silva Santelli', 'Hermano Gomes Albuquerque', 'Pedro Cravo', 'Flipe V S de Abreu', 'Cassio Leonel Peterka', 'Graziela Maria Zanini', 'Martha C Suarez-Mutis', 'Alcides Pissinatti', 'Ricardo Lourenco-de-Oliveira', 'Cristiana F A de Brito', 'Maria de Fatima Ferreira-da-Cruz', 'Richard Culleton', 'Claudio Tadeu Daniel-Ribeiro']	bioRxiv	article	10.1101/122127	48.3	2017-03-29T00:00:00+00:00	2017	3	15	7	0	0.681818181818182	0.318181818181818	0	22	female	0.98	male	0.99	firstlast
10749	33660746	['Kate Quigley', 'Marie Strader', 'Mikhail Matz']	bioRxiv	article	10.1101/271155	9.65	2018-02-25T00:00:00+00:00	2018	2	1	2	0	0.333333333333333	0.666666666666667	0	3	female	0.98	male	0.99	firstlast
13422	37909464	['Sam Guoping Gu', 'Julie Zhouli Ni', 'Natallia Kalinava', 'Sofia Galindo Mendoza']	bioRxiv	article	10.1101/303230	9.434	2018-04-17T00:00:00+00:00	2018	4	1	3	0	0.25	0.75	0	4	male	0.81	female	0.98	firstlast
15666	27324198	['Dipika Singh', 'Max S. Fairlamb', 'Kelly S. Harrison', 'Chamitha Weeramange', 'Sarah Meinhardt', 'Sudheer Tungtur', 'Benjamin F. Rau', 'P. Scott Hefty', 'Aron W. Fenton', 'Liskin Swint-Kruse']	bioRxiv	article	10.1101/201277	0.75	2017-10-11T00:00:00+00:00	2017	10	7	3	0	0.7	0.3	0	10	male	0.95	female	0.5	firstlast
15702	31760130	['Christopher Madan', 'Elizabeth A. Kensinger']	bioRxiv	article	10.1101/248518	27.5	2018-01-16T00:00:00+00:00	2018	1	1	1	0	0.5	0.5	0	2	male	0.99	female	0.99	firstlast
16094	4990153	['Danny Park', 'Itamar Eskin', 'Eun Yong Kang', 'Eric R Gamazon', 'Celeste Eng', 'Christopher R Gignoux', 'Joshua M Galanter', 'Esteban Burchard', 'Chun J Ye', 'Hugues Aschard', 'Eleazar Eskin', 'Eran Halperin', 'Noah Zaitlen']	bioRxiv	article	10.1101/036640	14.748	2016-01-13T00:00:00+00:00	2016	1	11	1	1	0.846153846153846	0.0769230769230769	0.0769230769230769	13	male	0.95			firstlast
16616	16906334	['Hamid Safizadeh', 'Scott William Simpkins', 'Justin Nelson', 'Chad L Myers']	bioRxiv	article	10.1101/112698	2.5	2017-03-01T00:00:00+00:00	2017	3	4	0	0	1	0	0	4	male	0.98	male	0.99	firstlast
17795	31901042	['Larissa Calancie', 'Thomas C Keyserling', 'Lindsey Smith-Taillie', 'Kimberly Robasky', 'Cam Patterson', 'Alice S Ammerman', 'Jonathan C Schisler']	bioRxiv	article	10.1101/249763	2.75	2018-01-18T00:00:00+00:00	2018	1	3	4	0	0.428571428571429	0.571428571428571	0	7	female	0.98	male	0.99	firstlast
18654	43632475	['Lara S Hwa', 'Melanie M Pina', 'Sofia Neira', 'Dipanwita Pati', 'Rachel Calloway', 'Thomas L Kash']	bioRxiv	article	10.1101/345157	12.6	2018-06-12T00:00:00+00:00	2018	6	1	5	0	0.166666666666667	0.833333333333333	0	6	female	0.98	male	0.99	firstlast
18762	35017343	"[""""Keiron O'Shea"""", 'Divya Kattupalli', 'Luis AJ Mur', 'Nigel W Hardy', 'Biswapriya B Misra', 'Chuan Lu']"	bioRxiv	article	10.1101/291799	4.6	2018-03-30T00:00:00+00:00	2018	3	5	0	0	1	0	0	5	male	0.99	male	0.86	firstlast
18782	33444103	['John Littrell', 'Shirng-Wern Tsaih', 'Amelie Baud', 'Pasi M.A. Rastas', 'Leah Solberg-Woods', 'Michael Flister']	bioRxiv	article	10.1101/268227	2.5	2018-02-20T00:00:00+00:00	2018	2	3	2	1	0.5	0.333333333333333	0.166666666666667	6	male	0.99	male	0.99	firstlast
387	3061952	['Yu-yu Ren', 'Lauren G Koch', 'Steven L Britton', 'Nathan R Qi', 'Mary K Treutelaar', 'Charles F Burant', 'Jun Z Li']	bioRxiv	article	10.1101/013706	1.5	2015-01-13T00:00:00+00:00	2015	1	5	2	0	0.714285714285714	0.285714285714286	0	7	male	0.95	male	0.9	firstlast
2021	3096387	['Maria Botcharova', 'Luc Berthouze', 'Matthew J Brookes', 'Gareth R Barnes', 'Simon F Farmer']	bioRxiv	article	10.1101/014159	1.75	2015-01-22T00:00:00+00:00	2015	1	4	1	0	0.8	0.2	0	5	female	0.98	male	0.98	firstlast
3361	4623150	['Marie Tolkiehn', 'Simon Schultz']	bioRxiv	article	10.1101/029108	0.75	2015-10-14T00:00:00+00:00	2015	10	1	1	0	0.5	0.5	0	2	female	0.98	male	0.98	firstlast
3486	27703499	['Sudhir Varma']	bioRxiv	article	10.1101/202952	3.5	2017-10-20T00:00:00+00:00	2017	10	1	0	0	1	0	0	1	male	1	male	1	firstlast
3535	10223175	['Arjun S Adhikari', 'Kristina B Kooiker', 'Chao Liu', 'Saswata S Sarkar', 'Daniel Bernstein', 'James A Spudich', 'Kathleen M Ruppel']	bioRxiv	article	10.1101/067066	2	2016-08-02T00:00:00+00:00	2016	8	5	2	0	0.714285714285714	0.285714285714286	0	7	male	0.99	female	0.98	firstlast
5493	19773169	['William Conway', 'Won-Ki Cho', 'Namrata Jayanth', 'Susan Mullen', 'Ibrahim I Cissé']	bioRxiv	article	10.1101/133082	10.05	2017-05-01T00:00:00+00:00	2017	5	3	2	0	0.6	0.4	0	5	male	0.99	male	0.97	firstlast
6364	31774800	['Matt Bawn', 'Justin Bradley', 'Fraser MacMillan']	bioRxiv	article	10.1101/248054	0.75	2018-01-16T00:00:00+00:00	2018	1	3	0	0	1	0	0	3	male	0.99	male	0.97	firstlast
9715	42423198	['Eloise Bertiaux', 'Adeline Mallet', 'Cecile Fort', 'Thierry Blisnick', 'Serge Bonnefoy', 'Jamin Jung', 'Moara Lemos', 'Sergio Marco', 'Sue Vaughan', 'Sylvain Trepout', 'Jean-Yves Tinevez', 'Philippe Bastin']	bioRxiv	article	10.1101/329300	8.55	2018-05-23T00:00:00+00:00	2018	5	7	5	0	0.583333333333333	0.416666666666667	0	12	female	0.97	male	0.99	firstlast
10051	10914020	['Iain Johnston', 'Nick Jones']	bioRxiv	article	10.1101/072363	14.442	2016-08-30T00:00:00+00:00	2016	8	2	0	0	1	0	0	2	male	0.99	male	0.98	firstlast
10108	18252210	['Patricia Brasil', 'Mariano Gustavo Zalis', 'Anielle de Pina-Costa', 'Andre Machado Siqueira', 'Cesare Bianco Junior', 'Sidnei Silva', 'Andre Luiz Lisboa Areas', 'Marcelo Pelajo-Machado', 'Denise A M de Alvarenga', 'Ana Carolina Faria da Silva Santelli', 'Hermano Gomes Albuquerque', 'Pedro Cravo', 'Flipe V S de Abreu', 'Cassio Leonel Peterka', 'Graziela Maria Zanini', 'Martha C Suarez-Mutis', 'Alcides Pissinatti', 'Ricardo Lourenco-de-Oliveira', 'Cristiana F A de Brito', 'Maria de Fatima Ferreira-da-Cruz', 'Richard Culleton', 'Claudio Tadeu Daniel-Ribeiro']	bioRxiv	article	10.1101/122127	48.3	2017-03-29T00:00:00+00:00	2017	3	15	7	0	0.681818181818182	0.318181818181818	0	22	female	0.98	male	0.99	firstlast
10749	33660746	['Kate Quigley', 'Marie Strader', 'Mikhail Matz']	bioRxiv	article	10.1101/271155	9.65	2018-02-25T00:00:00+00:00	2018	2	1	2	0	0.333333333333333	0.666666666666667	0	3	female	0.98	male	0.99	firstlast
13422	37909464	['Sam Guoping Gu', 'Julie Zhouli Ni', 'Natallia Kalinava', 'Sofia Galindo Mendoza']	bioRxiv	article	10.1101/303230	9.434	2018-04-17T00:00:00+00:00	2018	4	1	3	0	0.25	0.75	0	4	male	0.81	female	0.98	firstlast
15666	27324198	['Dipika Singh', 'Max S. Fairlamb', 'Kelly S. Harrison', 'Chamitha Weeramange', 'Sarah Meinhardt', 'Sudheer Tungtur', 'Benjamin F. Rau', 'P. Scott Hefty', 'Aron W. Fenton', 'Liskin Swint-Kruse']	bioRxiv	article	10.1101/201277	0.75	2017-10-11T00:00:00+00:00	2017	10	7	0	3	0.7	0	0.3	10	male	0.95			lastfirst
15702	31760130	['Christopher Madan', 'Elizabeth A. Kensinger']	bioRxiv	article	10.1101/248518	27.5	2018-01-16T00:00:00+00:00	2018	1	1	1	0	0.5	0.5	0	2	male	0.99	female	0.99	firstlast
16094	4990153	['Danny Park', 'Itamar Eskin', 'Eun Yong Kang', 'Eric R Gamazon', 'Celeste Eng', 'Christopher R Gignoux', 'Joshua M Galanter', 'Esteban Burchard', 'Chun J Ye', 'Hugues Aschard', 'Eleazar Eskin', 'Eran Halperin', 'Noah Zaitlen']	bioRxiv	article	10.1101/036640	14.748	2016-01-13T00:00:00+00:00	2016	1	5	1	7	0.384615384615385	0.0769230769230769	0.538461538461538	13	male	0.95			firstlast
16616	16906334	['Hamid Safizadeh', 'Scott William Simpkins', 'Justin Nelson', 'Chad L Myers']	bioRxiv	article	10.1101/112698	2.5	2017-03-01T00:00:00+00:00	2017	3	0	0	4	0	0	1	4					unknown
17795	31901042	['Larissa Calancie', 'Thomas C Keyserling', 'Lindsey Smith-Taillie', 'Kimberly Robasky', 'Cam Patterson', 'Alice S Ammerman', 'Jonathan C Schisler']	bioRxiv	article	10.1101/249763	2.75	2018-01-18T00:00:00+00:00	2018	1	0	0	7	0	0	1	7					unknown
18654	43632475	['Lara S Hwa', 'Melanie M Pina', 'Sofia Neira', 'Dipanwita Pati', 'Rachel Calloway', 'Thomas L Kash']	bioRxiv	article	10.1101/345157	12.6	2018-06-12T00:00:00+00:00	2018	6	0	0	6	0	0	1	6					unknown
18762	35017343	"[""""Keiron O'Shea"""", 'Divya Kattupalli', 'Luis AJ Mur', 'Nigel W Hardy', 'Biswapriya B Misra', 'Chuan Lu']"	bioRxiv	article	10.1101/291799	4.6	2018-03-30T00:00:00+00:00	2018	3	0	0	5	0	0	1	5					unknown
18782	33444103	['John Littrell', 'Shirng-Wern Tsaih', 'Amelie Baud', 'Pasi M.A. Rastas', 'Leah Solberg-Woods', 'Michael Flister']	bioRxiv	article	10.1101/268227	2.5	2018-02-20T00:00:00+00:00	2018	2	0	0	6	0	0	1	6					unknown
387	3061952	['Yu-yu Ren', 'Lauren G Koch', 'Steven L Britton', 'Nathan R Qi', 'Mary K Treutelaar', 'Charles F Burant', 'Jun Z Li']	bioRxiv	article	10.1101/013706	1.5	2015-01-13T00:00:00+00:00	2015	1	5	2	0	0.714285714285714	0.285714285714286	0	7	male	0.95	male	0.9	firstlast
2021	3096387	['Maria Botcharova', 'Luc Berthouze', 'Matthew J Brookes', 'Gareth R Barnes', 'Simon F Farmer']	bioRxiv	article	10.1101/014159	1.75	2015-01-22T00:00:00+00:00	2015	1	4	1	0	0.8	0.2	0	5	female	0.98	male	0.98	firstlast
3361	4623150	['Marie Tolkiehn', 'Simon Schultz']	bioRxiv	article	10.1101/029108	0.75	2015-10-14T00:00:00+00:00	2015	10	1	1	0	0.5	0.5	0	2	female	0.98	male	0.98	firstlast
3486	27703499	['Sudhir Varma']	bioRxiv	article	10.1101/202952	3.5	2017-10-20T00:00:00+00:00	2017	10	1	0	0	1	0	0	1	male	1	male	1	firstlast
3535	10223175	['Arjun S Adhikari', 'Kristina B Kooiker', 'Chao Liu', 'Saswata S Sarkar', 'Daniel Bernstein', 'James A Spudich', 'Kathleen M Ruppel']	bioRxiv	article	10.1101/067066	2	2016-08-02T00:00:00+00:00	2016	8	5	2	0	0.714285714285714	0.285714285714286	0	7	male	0.99	female	0.98	firstlast
5493	19773169	['William Conway', 'Won-Ki Cho', 'Namrata Jayanth', 'Susan Mullen', 'Ibrahim I Cissé']	bioRxiv	article	10.1101/133082	10.05	2017-05-01T00:00:00+00:00	2017	5	3	2	0	0.6	0.4	0	5	male	0.99	male	0.97	firstlast
6364	31774800	['Matt Bawn', 'Justin Bradley', 'Fraser MacMillan']	bioRxiv	article	10.1101/248054	0.75	2018-01-16T00:00:00+00:00	2018	1	3	0	0	1	0	0	3	male	0.99	male	0.97	firstlast
9715	42423198	['Eloise Bertiaux', 'Adeline Mallet', 'Cecile Fort', 'Thierry Blisnick', 'Serge Bonnefoy', 'Jamin Jung', 'Moara Lemos', 'Sergio Marco', 'Sue Vaughan', 'Sylvain Trepout', 'Jean-Yves Tinevez', 'Philippe Bastin']	bioRxiv	article	10.1101/329300	8.55	2018-05-23T00:00:00+00:00	2018	5	7	5	0	0.583333333333333	0.416666666666667	0	12	female	0.97	male	0.99	firstlast
10051	10914020	['Iain Johnston', 'Nick Jones']	bioRxiv	article	10.1101/072363	14.442	2016-08-30T00:00:00+00:00	2016	8	2	0	0	1	0	0	2	male	0.99	male	0.98	firstlast
10108	18252210	['Patricia Brasil', 'Mariano Gustavo Zalis', 'Anielle de Pina-Costa', 'Andre Machado Siqueira', 'Cesare Bianco Junior', 'Sidnei Silva', 'Andre Luiz Lisboa Areas', 'Marcelo Pelajo-Machado', 'Denise A M de Alvarenga', 'Ana Carolina Faria da Silva Santelli', 'Hermano Gomes Albuquerque', 'Pedro Cravo', 'Flipe V S de Abreu', 'Cassio Leonel Peterka', 'Graziela Maria Zanini', 'Martha C Suarez-Mutis', 'Alcides Pissinatti', 'Ricardo Lourenco-de-Oliveira', 'Cristiana F A de Brito', 'Maria de Fatima Ferreira-da-Cruz', 'Richard Culleton', 'Claudio Tadeu Daniel-Ribeiro']	bioRxiv	article	10.1101/122127	48.3	2017-03-29T00:00:00+00:00	2017	3	15	7	0	0.681818181818182	0.318181818181818	0	22	female	0.98	male	0.99	firstlast
10749	33660746	['Kate Quigley', 'Marie Strader', 'Mikhail Matz']	bioRxiv	article	10.1101/271155	9.65	2018-02-25T00:00:00+00:00	2018	2	1	2	0	0.333333333333333	0.666666666666667	0	3	female	0.98	male	0.99	firstlast
13422	37909464	['Sam Guoping Gu', 'Julie Zhouli Ni', 'Natallia Kalinava', 'Sofia Galindo Mendoza']	bioRxiv	article	10.1101/303230	9.434	2018-04-17T00:00:00+00:00	2018	4	1	3	0	0.25	0.75	0	4	male	0.81	female	0.98	firstlast
15666	27324198	['Dipika Singh', 'Max S. Fairlamb', 'Kelly S. Harrison', 'Chamitha Weeramange', 'Sarah Meinhardt', 'Sudheer Tungtur', 'Benjamin F. Rau', 'P. Scott Hefty', 'Aron W. Fenton', 'Liskin Swint-Kruse']	bioRxiv	article	10.1101/201277	0.75	2017-10-11T00:00:00+00:00	2017	10	7	0	3	0.7	0	0.3	10	male	0.95			lastfirst
15702	31760130	['Christopher Madan', 'Elizabeth A. Kensinger']	bioRxiv	article	10.1101/248518	27.5	2018-01-16T00:00:00+00:00	2018	1	1	1	0	0.5	0.5	0	2	male	0.99	female	0.99	firstlast
16094	4990153	['Danny Park', 'Itamar Eskin', 'Eun Yong Kang', 'Eric R Gamazon', 'Celeste Eng', 'Christopher R Gignoux', 'Joshua M Galanter', 'Esteban Burchard', 'Chun J Ye', 'Hugues Aschard', 'Eleazar Eskin', 'Eran Halperin', 'Noah Zaitlen']	bioRxiv	article	10.1101/036640	14.748	2016-01-13T00:00:00+00:00	2016	1	12	1	0	0.923076923076923	0.0769230769230769	0	13	male	0.95	male	0.88	firstlast
16616	16906334	['Hamid Safizadeh', 'Scott William Simpkins', 'Justin Nelson', 'Chad L Myers']	bioRxiv	article	10.1101/112698	2.5	2017-03-01T00:00:00+00:00	2017	3	4	0	0	1	0	0	4	male	0.98	male	0.99	firstlast
17795	31901042	['Larissa Calancie', 'Thomas C Keyserling', 'Lindsey Smith-Taillie', 'Kimberly Robasky', 'Cam Patterson', 'Alice S Ammerman', 'Jonathan C Schisler']	bioRxiv	article	10.1101/249763	2.75	2018-01-18T00:00:00+00:00	2018	1	3	4	0	0.428571428571429	0.571428571428571	0	7	female	0.98	male	0.99	firstlast
18654	43632475	['Lara S Hwa', 'Melanie M Pina', 'Sofia Neira', 'Dipanwita Pati', 'Rachel Calloway', 'Thomas L Kash']	bioRxiv	article	10.1101/345157	12.6	2018-06-12T00:00:00+00:00	2018	6	1	5	0	0.166666666666667	0.833333333333333	0	6	female	0.98	male	0.99	firstlast
18762	35017343	"[""""Keiron O'Shea"""", 'Divya Kattupalli', 'Luis AJ Mur', 'Nigel W Hardy', 'Biswapriya B Misra', 'Chuan Lu']"	bioRxiv	article	10.1101/291799	4.6	2018-03-30T00:00:00+00:00	2018	3	5	0	0	1	0	0	5	male	0.99	male	0.86	firstlast
18782	33444103	['John Littrell', 'Shirng-Wern Tsaih', 'Amelie Baud', 'Pasi M.A. Rastas', 'Leah Solberg-Woods', 'Michael Flister']	bioRxiv	article	10.1101/268227	2.5	2018-02-20T00:00:00+00:00	2018	2	3	2	1	0.5	0.333333333333333	0.166666666666667	6	male	0.99	male	0.99	firstlast
