id	altmetric_id	authors	journal	type	doi	altmetric_score	date	pubyear	pubmonth	males	females	unknown	propmales	propfemales	propunknown	numauthors	firstgender	firstgenderprob	lastgender	lastgenderprob
44	1272054	['David\xa0W. Van\xa0de\xa0Vosse', 'Yakun Wan', 'Diego\xa0L. Lapetina', 'Wei-Ming Chen', 'Jung-Hsien Chiang', 'John\xa0D. Aitchison', 'Richard\xa0W. Wozniak']	Cell	article	10.1016/j.cell.2013.01.049	2.75	2013-01-01T00:00:00+00:00	2013	1	6	0	1	0.857142857142857	0	0.142857142857143	7	male	0.99	male	0.99
2798	587661	['David\xa0J. Anderson']	Cell	article	10.1016/j.cell.2011.12.022	14.7	2012-01-01T00:00:00+00:00	2012	1	1	0	0	1	0	0	1	male	0.99	male	0.99
6290	431796	['JosephÂ\xa0E. LeDoux', 'Joshua P. Johansen', 'Christopher K. Cain', 'Linnaea E. Ostroff', 'Joseph E. LeDoux', 'Joshua\xa0P. Johansen', 'Christopher\xa0K. Cain', 'Linnaea\xa0E. Ostroff', 'Joseph\xa0E. LeDoux']	Cell	article	10.1016/j.cell.2011.10.009	19.5	2011-01-01T00:00:00+00:00	2011	1	3	1	1	0.6	0.2	0.2	5			male	0.99
10828	4285532	['Richardson, Douglas S', 'Lichtman, Jeff W', 'Douglas\xa0S. Richardson', 'Jeff\xa0W. Lichtman', 'Douglas S. Richardson', 'Jeff W. Lichtman']	Cell	article	10.1016/j.cell.2015.06.067	101.276	2015-07-18T22:00:23+00:00	2015	7	1	0	1	0.5	0	0.5	2	male	0.95		
12304	4346716	['Teng, Grace', 'Maman, Yaakov', 'Resch, Wolfgang', 'Kim, Min', 'Yamane, Arito', 'Qian, Jason', 'Kieffer-Kwon, Kyong-Rim', 'Mandal, Malay', 'Ji, Yanhong', 'Meffre, Eric', 'Clark, Marcus R', 'Cowell, Lindsay G', 'Casellas, Rafael', 'Schatz, David G', 'Grace Teng', 'Yaakov Maman', 'Wolfgang Resch', 'Min Kim', 'Arito Yamane', 'Jason Qian', 'Kyong-Rim Kieffer-Kwon', 'Malay Mandal', 'Yanhong Ji', 'Eric Meffre', 'Marcus\xa0R. Clark', 'Lindsay\xa0G. Cowell', 'Rafael Casellas', 'David\xa0G. Schatz']	Cell	article	10.1016/j.cell.2015.07.009	6.75	2015-08-04T14:31:47+00:00	2015	8	0	1	13	0	0.0714285714285714	0.928571428571429	14	female	0.97		
21343	6159942	['Neil Savage']	Cell	article	10.1016/j.cell.2016.02.051	5.95	2016-03-10T00:00:00+00:00	2016	3	1	0	0	1	0	0	1	male	0.99	male	0.99
22293	1240777	['Karla Kirkegaard', 'Gomez JA', 'Wapinski OL', 'Yang YW', 'Bureau JF', 'Gopinath S', 'Monack DM', 'Chang HY', 'Brahic M', 'Kirkegaard K', 'J.\xa0Antonio Gomez', 'Orly\xa0L. Wapinski', 'Yul\xa0W. Yang', 'Jean-François Bureau', 'Smita Gopinath', 'Denise\xa0M. Monack', 'Howard\xa0Y. Chang', 'Michel Brahic']	Cell	article	10.1016/j.cell.2013.01.015	9.1	2013-01-01T00:00:00+00:00	2013	1	6	1	2	0.666666666666667	0.111111111111111	0.222222222222222	9	female	0.98	male	0.6
37011	798962	['David\xa0V. Schaffer']	Cell	article	10.1016/j.cell.2011.03.008	0.25	2011-01-01T00:00:00+00:00	2011	1	1	0	0	1	0	0	1	male	0.99	male	0.99
37892	3614447	['Rita Guerreiro', 'José Brás', 'John Hardy']	Cell	article	10.1016/j.cell.2015.01.052	3.5	2015-02-12T00:00:00+00:00	2015	2	2	1	0	0.666666666666667	0.333333333333333	0	3	female	0.98	male	0.99
44108	1537043	['Feng Wang', 'Damian\xa0C. Ekiert', 'Insha Ahmad', 'Wenli Yu', 'Yong Zhang', 'Omar Bazirgan', 'Ali Torkamani', 'Terje Raudsepp', 'Waithaka Mwangi', 'Michael\xa0F. Criscitiello', 'Ian\xa0A. Wilson', 'Peter\xa0G. Schultz', 'Vaughn\xa0V. Smider', 'Damian C. Ekiert', 'Michael F. Criscitiello', 'Ian A. Wilson', 'Peter G. Schultz', 'Vaughn V. Smider']	Cell	article	10.1016/j.cell.2013.04.049	138.058	2013-01-01T00:00:00+00:00	2013	1	0	0	13	0	0	1	13				
47409	20912669	['Qian, Hongwu', 'Zhao, Xin', 'Cao, Pingping', 'Lei, Jianlin', 'Yan, Nieng', 'Gong, Xin', 'Hongwu Qian', 'Xin Zhao', 'Pingping Cao', 'Jianlin Lei', 'Nieng Yan', 'Xin Gong']	Cell	article	10.1016/j.cell.2017.05.020	21.1	2017-06-01T00:00:00+00:00	2017	6	0	0	6	0	0	1	6				
48597	15129142	['Yongdae Shin', 'Joel Berry', 'Nicole Pannucci', 'Mikko P. Haataja', 'Jared E. Toettcher', 'Clifford P. Brangwynne', 'Shin, Yongdae', 'Berry, Joel', 'Pannucci, Nicole', 'Haataja, Mikko P', 'Toettcher, Jared E', 'Brangwynne, Clifford P']	Cell	article	10.1016/j.cell.2016.11.054	129.396	2016-12-29T00:00:00+00:00	2016	12	4	1	1	0.666666666666667	0.166666666666667	0.166666666666667	6			male	0.99
48974	3447885	['Forman, B M', 'Umesono, K', 'Chen, J', 'Evans, R M', 'Barry Marc Forman', 'Kazuhiko Umesono', 'Jasmine Chen', 'Ronald M. Evans']	Cell	article	10.1016/0092-8674(95)90075-6	6	2015-05-22T22:33:15+00:00	2015	5	0	0	5	0	0	1	5				
55507	8168273	['Haque A', 'Engwerda CR']	Cell	article	10.1016/j.cell.2011.04.004	0	2011-04-28T23:00:00+00:00	2011	4	0	0	2	0	0	1	2				
67263	8796290	['Jun Wu', 'Juan\xa0Carlos Izpisua\xa0Belmonte', 'Wu, Jun', 'Izpisua Belmonte, Juan Carlos']	Cell	article	10.1016/j.cell.2016.05.043	31.55	2016-06-16T00:00:00+00:00	2016	6	1	0	1	0.5	0	0.5	2			male	0.98
69767	4662135	['Shadel, Gerald S', 'Horvath, Tamas L', 'Gerald\xa0S. Shadel', 'Tamas\xa0L. Horvath']	Cell	article	10.1016/j.cell.2015.10.001	36.1	2015-10-27T22:02:28+00:00	2015	10	1	0	1	0.5	0	0.5	2			male	0.93
78816	1211500	['Ueli Schibler', 'Alan Gerber', 'Cyril Esnault', 'Gregory Aubert', 'Richard Treisman', 'François Pralong']	Cell	article	10.1016/j.cell.2012.12.027	6.6	2013-01-01T00:00:00+00:00	2013	1	6	0	0	1	0	0	6	male	0.98	male	1
84921	20912673	['Kai Zhang', 'Helen E. Foster', 'Arnaud Rondelet', 'Samuel E. Lacey', 'Nadia Bahi-Buisson', 'Alexander W. Bird', 'Andrew P. Carter', 'Zhang, Kai', 'Foster, Helen E.', 'Rondelet, Arnaud', 'Lacey, Samuel E.', 'Bahi-Buisson, Nadia', 'Bird, Alexander W.', 'Carter, Andrew P.']	Cell	article	10.1016/j.cell.2017.05.025	64.88	2017-06-08T00:00:00+00:00	2017	6	5	2	0	0.714285714285714	0.285714285714286	0	7	male	0.93	male	0.99
91655	3337500	['Revy, P', 'Muto, T', 'Levy, Y', 'Geissmann, F', 'Plebani, A', 'Sanal, O', 'Catalan, N', 'Forveille, M', 'Dufourcq-Labelouse, R', 'Gennery, A', 'Tezcan, I', 'Ersoy, F', 'Kayserili, H', 'Ugazio, A G', 'Brousse, N', 'Muramatsu, M', 'Notarangelo, L D', 'Kinoshita, K', 'Honjo, T', 'Fischer, A', 'Durandy, A', 'Patrick Revy', 'Taro Muto', 'Yves Levy', 'Frédéric Geissmann', 'Alessandro Plebani', 'Ozden Sanal', 'Nadia Catalan', 'Monique Forveille', 'Rémi Dufourcq-Lagelouse', 'Andrew Gennery', 'Ilhan Tezcan', 'Fugen Ersoy', 'Hulya Kayserili', 'Alberto G Ugazio', 'Nicole Brousse', 'Masamichi Muramatsu', 'Luigi D Notarangelo', 'Kazuo Kinoshita', 'Tasuku Honjo', 'Alain Fischer', 'Anne Durandy']	Cell	article	10.1016/s0092-8674(00)00079-9	13	2015-06-08T22:30:31+00:00	2015	6	0	0	24	0	0	1	24				
93952	956690	['Robert\xa0A. Martienssen', 'Joseph\xa0P. Calarco', 'Filipe Borges', 'Mark\xa0T.A. Donoghue', 'Frédéric Van\xa0Ex', 'Pauline\xa0E. Jullien', 'Telma Lopes', 'Rui Gardner', 'Frédéric Berger', 'José\xa0A. Feijó', 'Jörg\xa0D. Becker']	Cell	article	10.1016/j.cell.2012.09.001	19.4	2012-09-20T00:00:00+00:00	2012	9	8	2	1	0.727272727272727	0.181818181818182	0.0909090909090909	11	male	0.99		
44	1272054	['David\xa0W. Van\xa0de\xa0Vosse', 'Yakun Wan', 'Diego\xa0L. Lapetina', 'Wei-Ming Chen', 'Jung-Hsien Chiang', 'John\xa0D. Aitchison', 'Richard\xa0W. Wozniak']	Cell	article	10.1016/j.cell.2013.01.049	2.75	2013-01-01T00:00:00+00:00	2013	1	7	0	0	1	0	0	7	male	0.99	male	0.99	firstlast
2798	587661	['David\xa0J. Anderson']	Cell	article	10.1016/j.cell.2011.12.022	14.7	2012-01-01T00:00:00+00:00	2012	1	1	0	0	1	0	0	1	male	0.99	male	0.99	firstlast
6290	431796	['JosephÂ\xa0E. LeDoux', 'Joshua P. Johansen', 'Christopher K. Cain', 'Linnaea E. Ostroff', 'Joseph E. LeDoux', 'Joshua\xa0P. Johansen', 'Christopher\xa0K. Cain', 'Linnaea\xa0E. Ostroff', 'Joseph\xa0E. LeDoux']	Cell	article	10.1016/j.cell.2011.10.009	19.5	2011-01-01T00:00:00+00:00	2011	1	3	1	1	0.6	0.2	0.2	5			male	0.99	firstlast
10828	4285532	['Richardson, Douglas S', 'Lichtman, Jeff W', 'Douglas\xa0S. Richardson', 'Jeff\xa0W. Lichtman', 'Douglas S. Richardson', 'Jeff W. Lichtman']	Cell	article	10.1016/j.cell.2015.06.067	101.276	2015-07-18T22:00:23+00:00	2015	7	4	0	0	1	0	0	4	male	0.95	male	0.99	firstlast
12304	4346716	['Teng, Grace', 'Maman, Yaakov', 'Resch, Wolfgang', 'Kim, Min', 'Yamane, Arito', 'Qian, Jason', 'Kieffer-Kwon, Kyong-Rim', 'Mandal, Malay', 'Ji, Yanhong', 'Meffre, Eric', 'Clark, Marcus R', 'Cowell, Lindsay G', 'Casellas, Rafael', 'Schatz, David G', 'Grace Teng', 'Yaakov Maman', 'Wolfgang Resch', 'Min Kim', 'Arito Yamane', 'Jason Qian', 'Kyong-Rim Kieffer-Kwon', 'Malay Mandal', 'Yanhong Ji', 'Eric Meffre', 'Marcus\xa0R. Clark', 'Lindsay\xa0G. Cowell', 'Rafael Casellas', 'David\xa0G. Schatz']	Cell	article	10.1016/j.cell.2015.07.009	6.75	2015-08-04T14:31:47+00:00	2015	8	13	3	1	0.764705882352941	0.176470588235294	0.0588235294117647	17	male	0.98			lastfirst
21343	6159942	['Neil Savage']	Cell	article	10.1016/j.cell.2016.02.051	5.95	2016-03-10T00:00:00+00:00	2016	3	1	0	0	1	0	0	1	male	0.99	male	0.99	firstlast
22293	1240777	['Karla Kirkegaard', 'Gomez JA', 'Wapinski OL', 'Yang YW', 'Bureau JF', 'Gopinath S', 'Monack DM', 'Chang HY', 'Brahic M', 'Kirkegaard K', 'J.\xa0Antonio Gomez', 'Orly\xa0L. Wapinski', 'Yul\xa0W. Yang', 'Jean-François Bureau', 'Smita Gopinath', 'Denise\xa0M. Monack', 'Howard\xa0Y. Chang', 'Michel Brahic']	Cell	article	10.1016/j.cell.2013.01.015	9.1	2013-01-01T00:00:00+00:00	2013	1	0	0	12	0	0	1	12					nofirstname
37011	798962	['David\xa0V. Schaffer']	Cell	article	10.1016/j.cell.2011.03.008	0.25	2011-01-01T00:00:00+00:00	2011	1	1	0	0	1	0	0	1	male	0.99	male	0.99	firstlast
37892	3614447	['Rita Guerreiro', 'José Brás', 'John Hardy']	Cell	article	10.1016/j.cell.2015.01.052	3.5	2015-02-12T00:00:00+00:00	2015	2	2	1	0	0.666666666666667	0.333333333333333	0	3	female	0.98	male	0.99	firstlast
44108	1537043	['Feng Wang', 'Damian\xa0C. Ekiert', 'Insha Ahmad', 'Wenli Yu', 'Yong Zhang', 'Omar Bazirgan', 'Ali Torkamani', 'Terje Raudsepp', 'Waithaka Mwangi', 'Michael\xa0F. Criscitiello', 'Ian\xa0A. Wilson', 'Peter\xa0G. Schultz', 'Vaughn\xa0V. Smider', 'Damian C. Ekiert', 'Michael F. Criscitiello', 'Ian A. Wilson', 'Peter G. Schultz', 'Vaughn V. Smider']	Cell	article	10.1016/j.cell.2013.04.049	138.058	2013-01-01T00:00:00+00:00	2013	1	7	0	6	0.538461538461538	0	0.461538461538462	13	male	0.79	male	0.8	lastfirst
47409	20912669	['Qian, Hongwu', 'Zhao, Xin', 'Cao, Pingping', 'Lei, Jianlin', 'Yan, Nieng', 'Gong, Xin', 'Hongwu Qian', 'Xin Zhao', 'Pingping Cao', 'Jianlin Lei', 'Nieng Yan', 'Xin Gong']	Cell	article	10.1016/j.cell.2017.05.020	21.1	2017-06-01T00:00:00+00:00	2017	6	3	3	0	0.5	0.5	0	6	female	0.7	male	0.8	firstlast
48597	15129142	['Yongdae Shin', 'Joel Berry', 'Nicole Pannucci', 'Mikko P. Haataja', 'Jared E. Toettcher', 'Clifford P. Brangwynne', 'Shin, Yongdae', 'Berry, Joel', 'Pannucci, Nicole', 'Haataja, Mikko P', 'Toettcher, Jared E', 'Brangwynne, Clifford P']	Cell	article	10.1016/j.cell.2016.11.054	129.396	2016-12-29T00:00:00+00:00	2016	12	5	1	0	0.833333333333333	0.166666666666667	0	6	male	0.75	male	0.99	firstlast
48974	3447885	['Forman, B M', 'Umesono, K', 'Chen, J', 'Evans, R M', 'Barry Marc Forman', 'Kazuhiko Umesono', 'Jasmine Chen', 'Ronald M. Evans']	Cell	article	10.1016/0092-8674(95)90075-6	6	2015-05-22T22:33:15+00:00	2015	5	3	1	1	0.6	0.2	0.2	5			male	0.94	lastfirst
55507	8168273	['Haque A', 'Engwerda CR']	Cell	article	10.1016/j.cell.2011.04.004	0	2011-04-28T23:00:00+00:00	2011	4	0	0	2	0	0	1	2					nofirstname
67263	8796290	['Jun Wu', 'Juan\xa0Carlos Izpisua\xa0Belmonte', 'Wu, Jun', 'Izpisua Belmonte, Juan Carlos']	Cell	article	10.1016/j.cell.2016.05.043	31.55	2016-06-16T00:00:00+00:00	2016	6	2	0	0	1	0	0	2	male	0.9	male	0.98	firstlast
69767	4662135	['Shadel, Gerald S', 'Horvath, Tamas L', 'Gerald\xa0S. Shadel', 'Tamas\xa0L. Horvath']	Cell	article	10.1016/j.cell.2015.10.001	36.1	2015-10-27T22:02:28+00:00	2015	10	3	0	1	0.75	0	0.25	4	male	0.99			lastfirst
78816	1211500	['Ueli Schibler', 'Alan Gerber', 'Cyril Esnault', 'Gregory Aubert', 'Richard Treisman', 'François Pralong']	Cell	article	10.1016/j.cell.2012.12.027	6.6	2013-01-01T00:00:00+00:00	2013	1	6	0	0	1	0	0	6	male	0.98	male	1	firstlast
84921	20912673	['Kai Zhang', 'Helen E. Foster', 'Arnaud Rondelet', 'Samuel E. Lacey', 'Nadia Bahi-Buisson', 'Alexander W. Bird', 'Andrew P. Carter', 'Zhang, Kai', 'Foster, Helen E.', 'Rondelet, Arnaud', 'Lacey, Samuel E.', 'Bahi-Buisson, Nadia', 'Bird, Alexander W.', 'Carter, Andrew P.']	Cell	article	10.1016/j.cell.2017.05.025	64.88	2017-06-08T00:00:00+00:00	2017	6	8	3	0	0.727272727272727	0.272727272727273	0	11	female	0.98	male	0.95	firstlast
91655	3337500	['Revy, P', 'Muto, T', 'Levy, Y', 'Geissmann, F', 'Plebani, A', 'Sanal, O', 'Catalan, N', 'Forveille, M', 'Dufourcq-Labelouse, R', 'Gennery, A', 'Tezcan, I', 'Ersoy, F', 'Kayserili, H', 'Ugazio, A G', 'Brousse, N', 'Muramatsu, M', 'Notarangelo, L D', 'Kinoshita, K', 'Honjo, T', 'Fischer, A', 'Durandy, A', 'Patrick Revy', 'Taro Muto', 'Yves Levy', 'Frédéric Geissmann', 'Alessandro Plebani', 'Ozden Sanal', 'Nadia Catalan', 'Monique Forveille', 'Rémi Dufourcq-Lagelouse', 'Andrew Gennery', 'Ilhan Tezcan', 'Fugen Ersoy', 'Hulya Kayserili', 'Alberto G Ugazio', 'Nicole Brousse', 'Masamichi Muramatsu', 'Luigi D Notarangelo', 'Kazuo Kinoshita', 'Tasuku Honjo', 'Alain Fischer', 'Anne Durandy']	Cell	article	10.1016/s0092-8674(00)00079-9	13	2015-06-08T22:30:31+00:00	2015	6	0	0	24	0	0	1	24					nofirstname
93952	956690	['Robert\xa0A. Martienssen', 'Joseph\xa0P. Calarco', 'Filipe Borges', 'Mark\xa0T.A. Donoghue', 'Frédéric Van\xa0Ex', 'Pauline\xa0E. Jullien', 'Telma Lopes', 'Rui Gardner', 'Frédéric Berger', 'José\xa0A. Feijó', 'Jörg\xa0D. Becker']	Cell	article	10.1016/j.cell.2012.09.001	19.4	2012-09-20T00:00:00+00:00	2012	9	9	2	0	0.818181818181818	0.181818181818182	0	11	male	0.99	male	0.99	firstlast
44	1272054	['David\xa0W. Van\xa0de\xa0Vosse', 'Yakun Wan', 'Diego\xa0L. Lapetina', 'Wei-Ming Chen', 'Jung-Hsien Chiang', 'John\xa0D. Aitchison', 'Richard\xa0W. Wozniak']	Cell	article	10.1016/j.cell.2013.01.049	2.75	2013-01-01T00:00:00+00:00	2013	1	0	0	7	0	0	1	7					unknown
2798	587661	['David\xa0J. Anderson']	Cell	article	10.1016/j.cell.2011.12.022	14.7	2012-01-01T00:00:00+00:00	2012	1	0	0	1	0	0	1	1					unknown
6290	431796	['JosephÂ\xa0E. LeDoux', 'Joshua P. Johansen', 'Christopher K. Cain', 'Linnaea E. Ostroff', 'Joseph E. LeDoux', 'Joshua\xa0P. Johansen', 'Christopher\xa0K. Cain', 'Linnaea\xa0E. Ostroff', 'Joseph\xa0E. LeDoux']	Cell	article	10.1016/j.cell.2011.10.009	19.5	2011-01-01T00:00:00+00:00	2011	1	0	0	5	0	0	1	5					unknown
10828	4285532	['Richardson, Douglas S', 'Lichtman, Jeff W', 'Douglas\xa0S. Richardson', 'Jeff\xa0W. Lichtman', 'Douglas S. Richardson', 'Jeff W. Lichtman']	Cell	article	10.1016/j.cell.2015.06.067	101.276	2015-07-18T22:00:23+00:00	2015	7	0	0	2	0	0	1	2					unknown
12304	4346716	['Teng, Grace', 'Maman, Yaakov', 'Resch, Wolfgang', 'Kim, Min', 'Yamane, Arito', 'Qian, Jason', 'Kieffer-Kwon, Kyong-Rim', 'Mandal, Malay', 'Ji, Yanhong', 'Meffre, Eric', 'Clark, Marcus R', 'Cowell, Lindsay G', 'Casellas, Rafael', 'Schatz, David G', 'Grace Teng', 'Yaakov Maman', 'Wolfgang Resch', 'Min Kim', 'Arito Yamane', 'Jason Qian', 'Kyong-Rim Kieffer-Kwon', 'Malay Mandal', 'Yanhong Ji', 'Eric Meffre', 'Marcus\xa0R. Clark', 'Lindsay\xa0G. Cowell', 'Rafael Casellas', 'David\xa0G. Schatz']	Cell	article	10.1016/j.cell.2015.07.009	6.75	2015-08-04T14:31:47+00:00	2015	8	0	0	14	0	0	1	14					unknown
21343	6159942	['Neil Savage']	Cell	article	10.1016/j.cell.2016.02.051	5.95	2016-03-10T00:00:00+00:00	2016	3	0	0	1	0	0	1	1					unknown
22293	1240777	['Karla Kirkegaard', 'Gomez JA', 'Wapinski OL', 'Yang YW', 'Bureau JF', 'Gopinath S', 'Monack DM', 'Chang HY', 'Brahic M', 'Kirkegaard K', 'J.\xa0Antonio Gomez', 'Orly\xa0L. Wapinski', 'Yul\xa0W. Yang', 'Jean-François Bureau', 'Smita Gopinath', 'Denise\xa0M. Monack', 'Howard\xa0Y. Chang', 'Michel Brahic']	Cell	article	10.1016/j.cell.2013.01.015	9.1	2013-01-01T00:00:00+00:00	2013	1	0	0	9	0	0	1	9					unknown
37011	798962	['David\xa0V. Schaffer']	Cell	article	10.1016/j.cell.2011.03.008	0.25	2011-01-01T00:00:00+00:00	2011	1	0	0	1	0	0	1	1					unknown
37892	3614447	['Rita Guerreiro', 'José Brás', 'John Hardy']	Cell	article	10.1016/j.cell.2015.01.052	3.5	2015-02-12T00:00:00+00:00	2015	2	0	0	3	0	0	1	3					unknown
44108	1537043	['Feng Wang', 'Damian\xa0C. Ekiert', 'Insha Ahmad', 'Wenli Yu', 'Yong Zhang', 'Omar Bazirgan', 'Ali Torkamani', 'Terje Raudsepp', 'Waithaka Mwangi', 'Michael\xa0F. Criscitiello', 'Ian\xa0A. Wilson', 'Peter\xa0G. Schultz', 'Vaughn\xa0V. Smider', 'Damian C. Ekiert', 'Michael F. Criscitiello', 'Ian A. Wilson', 'Peter G. Schultz', 'Vaughn V. Smider']	Cell	article	10.1016/j.cell.2013.04.049	138.058	2013-01-01T00:00:00+00:00	2013	1	0	0	13	0	0	1	13					unknown
47409	20912669	['Qian, Hongwu', 'Zhao, Xin', 'Cao, Pingping', 'Lei, Jianlin', 'Yan, Nieng', 'Gong, Xin', 'Hongwu Qian', 'Xin Zhao', 'Pingping Cao', 'Jianlin Lei', 'Nieng Yan', 'Xin Gong']	Cell	article	10.1016/j.cell.2017.05.020	21.1	2017-06-01T00:00:00+00:00	2017	6	0	0	6	0	0	1	6					unknown
48597	15129142	['Yongdae Shin', 'Joel Berry', 'Nicole Pannucci', 'Mikko P. Haataja', 'Jared E. Toettcher', 'Clifford P. Brangwynne', 'Shin, Yongdae', 'Berry, Joel', 'Pannucci, Nicole', 'Haataja, Mikko P', 'Toettcher, Jared E', 'Brangwynne, Clifford P']	Cell	article	10.1016/j.cell.2016.11.054	129.396	2016-12-29T00:00:00+00:00	2016	12	0	0	6	0	0	1	6					unknown
48974	3447885	['Forman, B M', 'Umesono, K', 'Chen, J', 'Evans, R M', 'Barry Marc Forman', 'Kazuhiko Umesono', 'Jasmine Chen', 'Ronald M. Evans']	Cell	article	10.1016/0092-8674(95)90075-6	6	2015-05-22T22:33:15+00:00	2015	5	0	0	4	0	0	1	4					unknown
55507	8168273	['Haque A', 'Engwerda CR']	Cell	article	10.1016/j.cell.2011.04.004	0	2011-04-28T23:00:00+00:00	2011	4	0	0	2	0	0	1	2					nofirstname
67263	8796290	['Jun Wu', 'Juan\xa0Carlos Izpisua\xa0Belmonte', 'Wu, Jun', 'Izpisua Belmonte, Juan Carlos']	Cell	article	10.1016/j.cell.2016.05.043	31.55	2016-06-16T00:00:00+00:00	2016	6	0	0	2	0	0	1	2					unknown
69767	4662135	['Shadel, Gerald S', 'Horvath, Tamas L', 'Gerald\xa0S. Shadel', 'Tamas\xa0L. Horvath']	Cell	article	10.1016/j.cell.2015.10.001	36.1	2015-10-27T22:02:28+00:00	2015	10	0	0	2	0	0	1	2					unknown
78816	1211500	['Ueli Schibler', 'Alan Gerber', 'Cyril Esnault', 'Gregory Aubert', 'Richard Treisman', 'François Pralong']	Cell	article	10.1016/j.cell.2012.12.027	6.6	2013-01-01T00:00:00+00:00	2013	1	0	0	6	0	0	1	6					unknown
84921	20912673	['Kai Zhang', 'Helen E. Foster', 'Arnaud Rondelet', 'Samuel E. Lacey', 'Nadia Bahi-Buisson', 'Alexander W. Bird', 'Andrew P. Carter', 'Zhang, Kai', 'Foster, Helen E.', 'Rondelet, Arnaud', 'Lacey, Samuel E.', 'Bahi-Buisson, Nadia', 'Bird, Alexander W.', 'Carter, Andrew P.']	Cell	article	10.1016/j.cell.2017.05.025	64.88	2017-06-08T00:00:00+00:00	2017	6	0	0	7	0	0	1	7					unknown
91655	3337500	['Revy, P', 'Muto, T', 'Levy, Y', 'Geissmann, F', 'Plebani, A', 'Sanal, O', 'Catalan, N', 'Forveille, M', 'Dufourcq-Labelouse, R', 'Gennery, A', 'Tezcan, I', 'Ersoy, F', 'Kayserili, H', 'Ugazio, A G', 'Brousse, N', 'Muramatsu, M', 'Notarangelo, L D', 'Kinoshita, K', 'Honjo, T', 'Fischer, A', 'Durandy, A', 'Patrick Revy', 'Taro Muto', 'Yves Levy', 'Frédéric Geissmann', 'Alessandro Plebani', 'Ozden Sanal', 'Nadia Catalan', 'Monique Forveille', 'Rémi Dufourcq-Lagelouse', 'Andrew Gennery', 'Ilhan Tezcan', 'Fugen Ersoy', 'Hulya Kayserili', 'Alberto G Ugazio', 'Nicole Brousse', 'Masamichi Muramatsu', 'Luigi D Notarangelo', 'Kazuo Kinoshita', 'Tasuku Honjo', 'Alain Fischer', 'Anne Durandy']	Cell	article	10.1016/s0092-8674(00)00079-9	13	2015-06-08T22:30:31+00:00	2015	6	0	0	22	0	0	1	22					unknown
93952	956690	['Robert\xa0A. Martienssen', 'Joseph\xa0P. Calarco', 'Filipe Borges', 'Mark\xa0T.A. Donoghue', 'Frédéric Van\xa0Ex', 'Pauline\xa0E. Jullien', 'Telma Lopes', 'Rui Gardner', 'Frédéric Berger', 'José\xa0A. Feijó', 'Jörg\xa0D. Becker']	Cell	article	10.1016/j.cell.2012.09.001	19.4	2012-09-20T00:00:00+00:00	2012	9	0	0	11	0	0	1	11					unknown
44	1272054	['David\xa0W. Van\xa0de\xa0Vosse', 'Yakun Wan', 'Diego\xa0L. Lapetina', 'Wei-Ming Chen', 'Jung-Hsien Chiang', 'John\xa0D. Aitchison', 'Richard\xa0W. Wozniak']	Cell	article	10.1016/j.cell.2013.01.049	2.75	2013-01-01T00:00:00+00:00	2013	1	7	0	0	1	0	0	7	male	0.99	male	0.99	firstlast
2798	587661	['David\xa0J. Anderson']	Cell	article	10.1016/j.cell.2011.12.022	14.7	2012-01-01T00:00:00+00:00	2012	1	1	0	0	1	0	0	1	male	0.99	male	0.99	firstlast
6290	431796	['JosephÂ\xa0E. LeDoux', 'Joshua P. Johansen', 'Christopher K. Cain', 'Linnaea E. Ostroff', 'Joseph E. LeDoux', 'Joshua\xa0P. Johansen', 'Christopher\xa0K. Cain', 'Linnaea\xa0E. Ostroff', 'Joseph\xa0E. LeDoux']	Cell	article	10.1016/j.cell.2011.10.009	19.5	2011-01-01T00:00:00+00:00	2011	1	4	1	0	0.8	0.2	0	5	male	0.81	male	0.99	firstlast
10828	4285532	['Richardson, Douglas S', 'Lichtman, Jeff W', 'Douglas\xa0S. Richardson', 'Jeff\xa0W. Lichtman', 'Douglas S. Richardson', 'Jeff W. Lichtman']	Cell	article	10.1016/j.cell.2015.06.067	101.276	2015-07-18T22:00:23+00:00	2015	7	2	0	0	1	0	0	2	male	0.95	male	0.99	firstlast
12304	4346716	['Teng, Grace', 'Maman, Yaakov', 'Resch, Wolfgang', 'Kim, Min', 'Yamane, Arito', 'Qian, Jason', 'Kieffer-Kwon, Kyong-Rim', 'Mandal, Malay', 'Ji, Yanhong', 'Meffre, Eric', 'Clark, Marcus R', 'Cowell, Lindsay G', 'Casellas, Rafael', 'Schatz, David G', 'Grace Teng', 'Yaakov Maman', 'Wolfgang Resch', 'Min Kim', 'Arito Yamane', 'Jason Qian', 'Kyong-Rim Kieffer-Kwon', 'Malay Mandal', 'Yanhong Ji', 'Eric Meffre', 'Marcus\xa0R. Clark', 'Lindsay\xa0G. Cowell', 'Rafael Casellas', 'David\xa0G. Schatz']	Cell	article	10.1016/j.cell.2015.07.009	6.75	2015-08-04T14:31:47+00:00	2015	8	10	4	0	0.714285714285714	0.285714285714286	0	14	female	0.97	male	0.99	lastfirst
21343	6159942	['Neil Savage']	Cell	article	10.1016/j.cell.2016.02.051	5.95	2016-03-10T00:00:00+00:00	2016	3	1	0	0	1	0	0	1	male	0.99	male	0.99	firstlast
22293	1240777	['Karla Kirkegaard', 'Gomez JA', 'Wapinski OL', 'Yang YW', 'Bureau JF', 'Gopinath S', 'Monack DM', 'Chang HY', 'Brahic M', 'Kirkegaard K', 'J.\xa0Antonio Gomez', 'Orly\xa0L. Wapinski', 'Yul\xa0W. Yang', 'Jean-François Bureau', 'Smita Gopinath', 'Denise\xa0M. Monack', 'Howard\xa0Y. Chang', 'Michel Brahic']	Cell	article	10.1016/j.cell.2013.01.015	9.1	2013-01-01T00:00:00+00:00	2013	1	6	2	1	0.666666666666667	0.222222222222222	0.111111111111111	9	female	0.98	male	0.6	firstlast
37011	798962	['David\xa0V. Schaffer']	Cell	article	10.1016/j.cell.2011.03.008	0.25	2011-01-01T00:00:00+00:00	2011	1	1	0	0	1	0	0	1	male	0.99	male	0.99	firstlast
37892	3614447	['Rita Guerreiro', 'José Brás', 'John Hardy']	Cell	article	10.1016/j.cell.2015.01.052	3.5	2015-02-12T00:00:00+00:00	2015	2	2	1	0	0.666666666666667	0.333333333333333	0	3	female	0.98	male	0.99	firstlast
44108	1537043	['Feng Wang', 'Damian\xa0C. Ekiert', 'Insha Ahmad', 'Wenli Yu', 'Yong Zhang', 'Omar Bazirgan', 'Ali Torkamani', 'Terje Raudsepp', 'Waithaka Mwangi', 'Michael\xa0F. Criscitiello', 'Ian\xa0A. Wilson', 'Peter\xa0G. Schultz', 'Vaughn\xa0V. Smider', 'Damian C. Ekiert', 'Michael F. Criscitiello', 'Ian A. Wilson', 'Peter G. Schultz', 'Vaughn V. Smider']	Cell	article	10.1016/j.cell.2013.04.049	138.058	2013-01-01T00:00:00+00:00	2013	1	9	0	4	0.692307692307692	0	0.307692307692308	13	male	0.79	male	1	lastfirst
47409	20912669	['Qian, Hongwu', 'Zhao, Xin', 'Cao, Pingping', 'Lei, Jianlin', 'Yan, Nieng', 'Gong, Xin', 'Hongwu Qian', 'Xin Zhao', 'Pingping Cao', 'Jianlin Lei', 'Nieng Yan', 'Xin Gong']	Cell	article	10.1016/j.cell.2017.05.020	21.1	2017-06-01T00:00:00+00:00	2017	6	3	3	0	0.5	0.5	0	6	female	0.7	male	0.8	firstlast
48597	15129142	['Yongdae Shin', 'Joel Berry', 'Nicole Pannucci', 'Mikko P. Haataja', 'Jared E. Toettcher', 'Clifford P. Brangwynne', 'Shin, Yongdae', 'Berry, Joel', 'Pannucci, Nicole', 'Haataja, Mikko P', 'Toettcher, Jared E', 'Brangwynne, Clifford P']	Cell	article	10.1016/j.cell.2016.11.054	129.396	2016-12-29T00:00:00+00:00	2016	12	5	1	0	0.833333333333333	0.166666666666667	0	6	male	0.75	male	0.99	firstlast
48974	3447885	['Forman, B M', 'Umesono, K', 'Chen, J', 'Evans, R M', 'Barry Marc Forman', 'Kazuhiko Umesono', 'Jasmine Chen', 'Ronald M. Evans']	Cell	article	10.1016/0092-8674(95)90075-6	6	2015-05-22T22:33:15+00:00	2015	5	3	1	0	0.75	0.25	0	4	male	0.97	male	0.99	lastfirst
55507	8168273	['Haque A', 'Engwerda CR']	Cell	article	10.1016/j.cell.2011.04.004	0	2011-04-28T23:00:00+00:00	2011	4	0	0	2	0	0	1	2					nofirstname
67263	8796290	['Jun Wu', 'Juan\xa0Carlos Izpisua\xa0Belmonte', 'Wu, Jun', 'Izpisua Belmonte, Juan Carlos']	Cell	article	10.1016/j.cell.2016.05.043	31.55	2016-06-16T00:00:00+00:00	2016	6	2	0	0	1	0	0	2	male	0.9	male	0.98	firstlast
69767	4662135	['Shadel, Gerald S', 'Horvath, Tamas L', 'Gerald\xa0S. Shadel', 'Tamas\xa0L. Horvath']	Cell	article	10.1016/j.cell.2015.10.001	36.1	2015-10-27T22:02:28+00:00	2015	10	2	0	0	1	0	0	2	male	0.99	male	0.93	lastfirst
78816	1211500	['Ueli Schibler', 'Alan Gerber', 'Cyril Esnault', 'Gregory Aubert', 'Richard Treisman', 'François Pralong']	Cell	article	10.1016/j.cell.2012.12.027	6.6	2013-01-01T00:00:00+00:00	2013	1	6	0	0	1	0	0	6	male	0.98	male	1	firstlast
84921	20912673	['Kai Zhang', 'Helen E. Foster', 'Arnaud Rondelet', 'Samuel E. Lacey', 'Nadia Bahi-Buisson', 'Alexander W. Bird', 'Andrew P. Carter', 'Zhang, Kai', 'Foster, Helen E.', 'Rondelet, Arnaud', 'Lacey, Samuel E.', 'Bahi-Buisson, Nadia', 'Bird, Alexander W.', 'Carter, Andrew P.']	Cell	article	10.1016/j.cell.2017.05.025	64.88	2017-06-08T00:00:00+00:00	2017	6	5	2	0	0.714285714285714	0.285714285714286	0	7	male	0.93	male	0.99	firstlast
91655	3337500	['Revy, P', 'Muto, T', 'Levy, Y', 'Geissmann, F', 'Plebani, A', 'Sanal, O', 'Catalan, N', 'Forveille, M', 'Dufourcq-Labelouse, R', 'Gennery, A', 'Tezcan, I', 'Ersoy, F', 'Kayserili, H', 'Ugazio, A G', 'Brousse, N', 'Muramatsu, M', 'Notarangelo, L D', 'Kinoshita, K', 'Honjo, T', 'Fischer, A', 'Durandy, A', 'Patrick Revy', 'Taro Muto', 'Yves Levy', 'Frédéric Geissmann', 'Alessandro Plebani', 'Ozden Sanal', 'Nadia Catalan', 'Monique Forveille', 'Rémi Dufourcq-Lagelouse', 'Andrew Gennery', 'Ilhan Tezcan', 'Fugen Ersoy', 'Hulya Kayserili', 'Alberto G Ugazio', 'Nicole Brousse', 'Masamichi Muramatsu', 'Luigi D Notarangelo', 'Kazuo Kinoshita', 'Tasuku Honjo', 'Alain Fischer', 'Anne Durandy']	Cell	article	10.1016/s0092-8674(00)00079-9	13	2015-06-08T22:30:31+00:00	2015	6	15	6	1	0.681818181818182	0.272727272727273	0.0454545454545455	22			female	0.97	lastfirst
93952	956690	['Robert\xa0A. Martienssen', 'Joseph\xa0P. Calarco', 'Filipe Borges', 'Mark\xa0T.A. Donoghue', 'Frédéric Van\xa0Ex', 'Pauline\xa0E. Jullien', 'Telma Lopes', 'Rui Gardner', 'Frédéric Berger', 'José\xa0A. Feijó', 'Jörg\xa0D. Becker']	Cell	article	10.1016/j.cell.2012.09.001	19.4	2012-09-20T00:00:00+00:00	2012	9	9	2	0	0.818181818181818	0.181818181818182	0	11	male	0.99	male	0.99	firstlast
