id	altmetric_id	authors	journal	type	doi	altmetric_score	date	pubyear	pubmonth	males	females	unknown	percmales	percfemales	percunknown	numauthors	firstgender	firstgenderprob	lastgender	lastgenderprob
44	1272054	['David\xa0W. Van\xa0de\xa0Vosse', 'Yakun Wan', 'Diego\xa0L. Lapetina', 'Wei-Ming Chen', 'Jung-Hsien Chiang', 'John\xa0D. Aitchison', 'Richard\xa0W. Wozniak']	Cell	article	10.1016/j.cell.2013.01.049	2.75	2013-01-01T00:00:00+00:00	2013	1	8	0	-1	1.14285714285714	0	-0.142857142857143	7	male	0.99	male	0.67
2798	587661	['David\xa0J. Anderson']	Cell	article	10.1016/j.cell.2011.12.022	14.7	2012-01-01T00:00:00+00:00	2012	1	1	0	0	1	0	0	1	male	0.99	male	0.99
6290	431796	['JosephÂ\xa0E. LeDoux', 'Joshua P. Johansen', 'Christopher K. Cain', 'Linnaea E. Ostroff', 'Joseph E. LeDoux', 'Joshua\xa0P. Johansen', 'Christopher\xa0K. Cain', 'Linnaea\xa0E. Ostroff', 'Joseph\xa0E. LeDoux']	Cell	article	10.1016/j.cell.2011.10.009	19.5	2011-01-01T00:00:00+00:00	2011	1	3	1	1	0.6	0.2	0.2	5			male	0.99
10828	4285532	['Richardson, Douglas S', 'Lichtman, Jeff W', 'Douglas\xa0S. Richardson', 'Jeff\xa0W. Lichtman', 'Douglas S. Richardson', 'Jeff W. Lichtman']	Cell	article	10.1016/j.cell.2015.06.067	101.276	2015-07-18T22:00:23+00:00	2015	7	2	0	0	1	0	0	2	male	0.99	male	0.99
12304	4346716	['Teng, Grace', 'Maman, Yaakov', 'Resch, Wolfgang', 'Kim, Min', 'Yamane, Arito', 'Qian, Jason', 'Kieffer-Kwon, Kyong-Rim', 'Mandal, Malay', 'Ji, Yanhong', 'Meffre, Eric', 'Clark, Marcus R', 'Cowell, Lindsay G', 'Casellas, Rafael', 'Schatz, David G', 'Grace Teng', 'Yaakov Maman', 'Wolfgang Resch', 'Min Kim', 'Arito Yamane', 'Jason Qian', 'Kyong-Rim Kieffer-Kwon', 'Malay Mandal', 'Yanhong Ji', 'Eric Meffre', 'Marcus\xa0R. Clark', 'Lindsay\xa0G. Cowell', 'Rafael Casellas', 'David\xa0G. Schatz']	Cell	article	10.1016/j.cell.2015.07.009	6.75	2015-08-04T14:31:47+00:00	2015	8	10	4	0	0.714285714285714	0.285714285714286	0	14	female	0.97	female	0.54
